"Component","Use case","Source","Threat","Risk Response","Inherent Risk","Current Risk","Countermeasure progress","Weakness tests","Countermeasure tests","Projected Risk","Owner","MITRE reference","STRIDE-LM"
"Personal Computer (PC)","Tampering","Created by Rules Engine","An adversary may be able to interpose between the model output and the intended receiver","Planned mitigation: 0%. Mitigated: 0%. Unmitigated: 100%.","Critical","Critical","0%","Not tested","Not tested","Critical","Daniele Granata","ATT&CK Enterprise - T1493 - Transmitted Data Manipulation||ATT&CK Enterprise - T1557 - Adversary-in-the-Middle||ATLAS - AML.T0041 - Physical Environment Access","Information Disclosure||Tampering"
"Chassis-Mounted Microcontroller","Tampering","Created by Rules Engine","An attacker exploits buffer overflow vulnerabilities in the embedded controller","Planned mitigation: 0%. Mitigated: 0%. Unmitigated: 100%.","Critical","Critical","0%","Not tested","Not tested","Critical","Daniele Granata","ATT&CK Enterprise - T1203 - Exploitation for Client Execution","Tampering"
"Chassis-Mounted Microcontroller","Elevation of Privilege","Created by Rules Engine","An attacker injects malicious firmware to gain control over the device","Planned mitigation: 0%. Mitigated: 0%. Unmitigated: 100%.","Critical","Critical","0%","Not tested","Not tested","Critical","Daniele Granata","ATT&CK Enterprise - T1070.003 - Clear Command History","Elevation of Privilege"
"Chassis-Mounted Microcontroller","Tampering","Created by Rules Engine","An attacker intercepts communication and manipulates control signals","Planned mitigation: 0%. Mitigated: 0%. Unmitigated: 100%.","Critical","Critical","0%","Not tested","Not tested","Critical","Daniele Granata","ATT&CK Enterprise - T1040 - Network Sniffing","Tampering"
"JetRacer Vehicle","General","Created by Rules Engine","An unprivileged user is able to gain privileged access to vehicle systems","Planned mitigation: 0%. Mitigated: 0%. Unmitigated: 100%.","Critical","Critical","0%","Not tested","Not tested","Critical","Daniele Granata",,
"Network Interface","Tampering","Created by Rules Engine","Attackers execute unauthorized physical tampering","Planned mitigation: 0%. Mitigated: 0%. Unmitigated: 100%.","Critical","Critical","0%","Not tested","Not tested","Critical","Daniele Granata","ATT&CK Enterprise - T1200 - Hardware Additions||EMB3D - TID-107 - Unauthorized Direct Memory Access (DMA)","Tampering"
"Web Service Interface","Information Disclosure","Created by Rules Engine","Attackers exfiltrate sensitive data via batch requests","Planned mitigation: 0%. Mitigated: 0%. Unmitigated: 100%.","High","High","0%","Not tested","Not tested","High","Daniele Granata","ATT&CK Enterprise - T1078 - Valid Accounts","Information Disclosure"
"Web Service Interface","Information Disclosure","Created by Rules Engine","Attackers exploit excessive data exposure","Planned mitigation: 0%. Mitigated: 0%. Unmitigated: 100%.","High","High","0%","Not tested","Not tested","High","Daniele Granata","ATT&CK Enterprise - T1071 - Application Layer Protocol","Information Disclosure"
"Web Service Interface","Information Disclosure","Created by Rules Engine","Attackers exploit insecure error handling","Planned mitigation: 0%. Mitigated: 0%. Unmitigated: 100%.","High","High","0%","Not tested","Not tested","High","Daniele Granata","ATT&CK Enterprise - T1190 - Exploit Public-Facing Application","Information Disclosure"
"Web Service Interface","Information Disclosure","Created by Rules Engine","Attackers exploit overly permissive CORS configurations","Planned mitigation: 0%. Mitigated: 0%. Unmitigated: 100%.","Critical","Critical","0%","Not tested","Not tested","Critical","Daniele Granata","ATT&CK Enterprise - T1021 - Remote Services","Information Disclosure"
"Web Service Interface","Information Disclosure","Created by Rules Engine","Attackers exploit overly permissive introspection","Planned mitigation: 0%. Mitigated: 0%. Unmitigated: 100%.","Medium","Medium","0%","Not tested","Not tested","Medium","Daniele Granata","ATT&CK Enterprise - T1588 - Obtain Capabilities","Information Disclosure"
"Web Service Interface","Tampering","Created by Rules Engine","Attackers exploit poorly validated inputs","Planned mitigation: 0%. Mitigated: 0%. Unmitigated: 100%.","High","High","0%","Not tested","Not tested","High","Daniele Granata","ATT&CK Enterprise - T1190 - Exploit Public-Facing Application","Tampering"
"Web Service Interface","Denial of Service","Created by Rules Engine","Attackers exploit rate-limiting weaknesses","Planned mitigation: 0%. Mitigated: 0%. Unmitigated: 100%.","High","High","0%","Not tested","Not tested","High","Daniele Granata","ATT&CK Enterprise - T1498 - Network Denial of Service","Denial of Service"
"Web Service Interface","Denial of Service","Created by Rules Engine","Attackers exploit unrestricted query depth","Planned mitigation: 0%. Mitigated: 0%. Unmitigated: 100%.","Medium","Medium","0%","Not tested","Not tested","Medium","Daniele Granata","ATT&CK Enterprise - T1499 - Endpoint Denial of Service","Denial of Service"
"Web Service Interface","Information Disclosure","Created by Rules Engine","Attackers exploit unused or deprecated fields","Planned mitigation: 0%. Mitigated: 0%. Unmitigated: 100%.","Critical","Critical","0%","Not tested","Not tested","Critical","Daniele Granata","ATT&CK Enterprise - T1190 - Exploit Public-Facing Application","Information Disclosure"
"Chassis-Mounted Microcontroller","Elevation of Privilege","Created by Rules Engine","Attackers exploit weak access control to take over the embedded controller","Planned mitigation: 0%. Mitigated: 0%. Unmitigated: 100%.","Critical","Critical","0%","Not tested","Not tested","Critical","Daniele Granata","ATT&CK Enterprise - T1078 - Valid Accounts","Elevation of Privilege"
"Web Service Interface","Elevation of Privilege","Created by Rules Engine","Attackers gain unauthorized access through insufficient authorization","Planned mitigation: 0%. Mitigated: 0%. Unmitigated: 100%.","Critical","Critical","0%","Not tested","Not tested","Critical","Daniele Granata","ATT&CK Enterprise - T1060 - Registry Run Keys / Startup Folder","Elevation of Privilege"
"Network Interface","Tampering","Created by Rules Engine","Attackers inject malicious devices","Planned mitigation: 0%. Mitigated: 0%. Unmitigated: 100%.","High","High","0%","Not tested","Not tested","High","Daniele Granata","ATT&CK Enterprise - T1200 - Hardware Additions||EMB3D - TID-211 - Device Allows Unauthenticated Firmware Installation","Tampering"
"Network Interface","Information Disclosure","Created by Rules Engine","Attackers intercept data communications","Planned mitigation: 0%. Mitigated: 0%. Unmitigated: 100%.","High","High","0%","Not tested","Not tested","High","Daniele Granata","EMB3D - TID-114 - Peripheral Data Bus Interception","Information Disclosure"
"Network Interface","Spoofing","Created by Rules Engine","Attackers perform MAC spoofing attacks","Planned mitigation: 0%. Mitigated: 0%. Unmitigated: 100%.","Critical","Critical","0%","Not tested","Not tested","Critical","Daniele Granata","EMB3D - TID-406 - Unauthorized Messages or Connections","Spoofing"
"JetRacer Vehicle","General","Created by Rules Engine","Communication channels permit untrusted/unreliable messages to be accepted or are vulnerable to session hijacking/replay attacks","Planned mitigation: 0%. Mitigated: 0%. Unmitigated: 100%.","Critical","Critical","0%","Not tested","Not tested","Critical","Daniele Granata",,
"JetRacer Vehicle","General","Created by Rules Engine","Communication channels used to conduct unauthorized manipulation, deletion or other amendments to vehicle held code/data","Planned mitigation: 0%. Mitigated: 0%. Unmitigated: 100%.","Critical","Critical","0%","Not tested","Not tested","Critical","Daniele Granata",,
"JetRacer Vehicle","General","Created by Rules Engine","Cryptographic technologies can be compromised or are insufficiently applied","Planned mitigation: 0%. Mitigated: 0%. Unmitigated: 100%.","Critical","Critical","0%","Not tested","Not tested","Critical","Daniele Granata",,
"Jetson Nano","Information Disclosure","Created by Rules Engine","Data breaches from insecure storage","Planned mitigation: 0%. Mitigated: 0%. Unmitigated: 100%.","Critical","Critical","0%","Not tested","Not tested","Critical","Daniele Granata","ATT&CK Enterprise - T1584 - Compromise Infrastructure","Information Disclosure"
"JetRacer Vehicle","General","Created by Rules Engine","Data loss - data breach from vehicle","Planned mitigation: 0%. Mitigated: 0%. Unmitigated: 100%.","Critical","Critical","0%","Not tested","Not tested","Critical","Daniele Granata",,
"Speed Sensor","Information Disclosure","Created by Rules Engine","Data transmission interception","Planned mitigation: 0%. Mitigated: 0%. Unmitigated: 100%.","High","High","0%","Not tested","Not tested","High","Daniele Granata","EMB3D - TID-114 - Peripheral Data Bus Interception","Information Disclosure"
"Chassis-Mounted Microcontroller","Denial of Service","Created by Rules Engine","Denial-of-Service attack renders the embedded controller inoperable","Planned mitigation: 0%. Mitigated: 0%. Unmitigated: 100%.","Critical","Critical","0%","Not tested","Not tested","Critical","Daniele Granata","ATT&CK Enterprise - T1499 - Endpoint Denial of Service","Denial of Service"
"JetRacer Vehicle","General","Created by Rules Engine","Denial of service attacks via communication channels to disrupt vehicle functions","Planned mitigation: 0%. Mitigated: 0%. Unmitigated: 100%.","Critical","Critical","0%","Not tested","Not tested","Critical","Daniele Granata",,
"JetRacer Vehicle","General","Created by Rules Engine","Devices connected to external interfaces e.g. USB ports, OBD port, used as a means to attack vehicle systems","Planned mitigation: 0%. Mitigated: 0%. Unmitigated: 100%.","Critical","Critical","0%","Not tested","Not tested","Critical","Daniele Granata",,
"JetRacer Vehicle","General","Created by Rules Engine","Disruption of systems or operations","Planned mitigation: 0%. Mitigated: 0%. Unmitigated: 100%.","Critical","Critical","0%","Not tested","Not tested","Critical","Daniele Granata",,
"Speed Sensor","Denial of Service","Created by Rules Engine","Environmental interference and EMI","Planned mitigation: 0%. Mitigated: 0%. Unmitigated: 100%.","Critical","Critical","0%","Not tested","Not tested","Critical","Daniele Granata","EMB3D - TID-105 - Hardware Fault Injection â€“ Control Flow Modification","Denial of Service"
"JetRacer Vehicle","General","Created by Rules Engine","Erasure of data/code","Planned mitigation: 0%. Mitigated: 0%. Unmitigated: 100%.","Critical","Critical","0%","Not tested","Not tested","Critical","Daniele Granata",,
"Manual Control Module","Spoofing","Created by Rules Engine","Evasion","Planned mitigation: 0%. Mitigated: 0%. Unmitigated: 100%.","Critical","Critical","0%","Not tested","Not tested","Critical","Daniele Granata","ATLAS - AML.TA0007 - Defense Evasion","Spoofing"
"Jetson Nano","Tampering","Created by Rules Engine","Exploitation of vulnerable containerized deployments","Planned mitigation: 0%. Mitigated: 0%. Unmitigated: 100%.","High","High","0%","Not tested","Not tested","High","Daniele Granata","ATT&CK Enterprise - T1609 - Container Administration Command","Tampering"
"JetRacer Vehicle","General","Created by Rules Engine","Extraction of vehicle data/code","Planned mitigation: 0%. Mitigated: 0%. Unmitigated: 100%.","Critical","Critical","0%","Not tested","Not tested","Critical","Daniele Granata",,
"JetRacer Vehicle","General","Created by Rules Engine","Hosted 3rd party software, e.g. entertainment applications, used as a means to attack vehicle systems","Planned mitigation: 0%. Mitigated: 0%. Unmitigated: 100%.","Critical","Critical","0%","Not tested","Not tested","Critical","Daniele Granata",,
"JetRacer Vehicle","General","Created by Rules Engine","Information can be readily disclosed. For example, through eavesdropping on communications or through allowing unauthorized access to sensitive files or folders","Planned mitigation: 0%. Mitigated: 0%. Unmitigated: 100%.","Critical","Critical","0%","Not tested","Not tested","Critical","Daniele Granata",,
"JetRacer Vehicle","General","Created by Rules Engine","Introduction of malware","Planned mitigation: 0%. Mitigated: 0%. Unmitigated: 100%.","Critical","Critical","0%","Not tested","Not tested","Critical","Daniele Granata",,
"JetRacer Vehicle","General","Created by Rules Engine","Introduction of new software or overwrite existing software","Planned mitigation: 0%. Mitigated: 0%. Unmitigated: 100%.","Critical","Critical","0%","Not tested","Not tested","Critical","Daniele Granata",,
"JetRacer Vehicle","General","Created by Rules Engine","It is possible to deny legitimate updates","Planned mitigation: 0%. Mitigated: 0%. Unmitigated: 100%.","Critical","Critical","0%","Not tested","Not tested","Critical","Daniele Granata",,
"JetRacer Vehicle","General","Created by Rules Engine","Manipulation of the connectivity of vehicle functions enables a cyber-attack","Planned mitigation: 0%. Mitigated: 0%. Unmitigated: 100%.","Critical","Critical","0%","Not tested","Not tested","Critical","Daniele Granata",,
"JetRacer Vehicle","General","Created by Rules Engine","Manipulation of vehicle data/code","Planned mitigation: 0%. Mitigated: 0%. Unmitigated: 100%.","Critical","Critical","0%","Not tested","Not tested","Critical","Daniele Granata",,
"JetRacer Vehicle","General","Created by Rules Engine","Manipulation of vehicle parameters","Planned mitigation: 0%. Mitigated: 0%. Unmitigated: 100%.","Critical","Critical","0%","Not tested","Not tested","Critical","Daniele Granata",,
"JetRacer Vehicle","General","Created by Rules Engine","Messages received by the vehicle (for example X2V or diagnostic messages), or transmitted within it, contain malicious content","Planned mitigation: 0%. Mitigated: 0%. Unmitigated: 100%.","Critical","Critical","0%","Not tested","Not tested","Critical","Daniele Granata",,
"JetRacer Vehicle","General","Created by Rules Engine","Misuse or compromise of update procedures","Planned mitigation: 0%. Mitigated: 0%. Unmitigated: 100%.","Critical","Critical","0%","Not tested","Not tested","Critical","Daniele Granata",,
"Personal Computer (PC)","Tampering","Created by Rules Engine","Models may produce unreliable output/predictions, or become unstable, including as a result of drift","Planned mitigation: 0%. Mitigated: 0%. Unmitigated: 100%.","Critical","Critical","0%","Not tested","Not tested","Critical","Daniele Granata","ATLAS - AML.T0031 - Erode AI Model Integrity","Tampering"
"JetRacer Vehicle","General","Created by Rules Engine","Network design introduces vulnerabilities","Planned mitigation: 0%. Mitigated: 0%. Unmitigated: 100%.","Critical","Critical","0%","Not tested","Not tested","Critical","Daniele Granata",,
"Personal Computer (PC)","Repudiation","Created by Rules Engine","Opaque models or data representations may lead to less accepted systems and make it easier for adversaries to inject erroneous outputs","Planned mitigation: 0%. Mitigated: 0%. Unmitigated: 100%.","High","High","0%","Not tested","Not tested","High","Daniele Granata","ATLAS - AML.T0031 - Erode AI Model Integrity","Information Disclosure||Repudiation||Tampering"
"JetRacer Vehicle","General","Created by Rules Engine","Parts or supplies could be compromised to permit vehicles to be attacked","Planned mitigation: 0%. Mitigated: 0%. Unmitigated: 100%.","Critical","Critical","0%","Not tested","Not tested","Critical","Daniele Granata",,
"JetRacer Vehicle","General","Created by Rules Engine","Physical manipulation of systems to enable an attack","Planned mitigation: 0%. Mitigated: 0%. Unmitigated: 100%.","Critical","Critical","0%","Not tested","Not tested","Critical","Daniele Granata",,
"Speed Sensor","Tampering","Created by Rules Engine","Signal injection and manipulation","Planned mitigation: 0%. Mitigated: 0%. Unmitigated: 100%.","Critical","Critical","0%","Not tested","Not tested","Critical","Daniele Granata","EMB3D - TID-325 - HTTP Injection/Response Splitting","Tampering"
"Manual Control Module","Tampering","Created by Rules Engine","Silent failure","Planned mitigation: 0%. Mitigated: 0%. Unmitigated: 100%.","High","High","0%","Not tested","Not tested","High","Daniele Granata","ATLAS - AML.T0056 - Extract LLM System Prompt","Tampering"
"JetRacer Vehicle","General","Created by Rules Engine","Software or hardware development permits vulnerabilities","Planned mitigation: 0%. Mitigated: 0%. Unmitigated: 100%.","Critical","Critical","0%","Not tested","Not tested","Critical","Daniele Granata",,
"JetRacer Vehicle","General","Created by Rules Engine","Spoofing of messages or data received by the vehicle","Planned mitigation: 0%. Mitigated: 0%. Unmitigated: 100%.","Critical","Critical","0%","Not tested","Not tested","Critical","Daniele Granata",,
"Manual Control Module","Repudiation","Created by Rules Engine","Telemetry poisoning","Planned mitigation: 0%. Mitigated: 0%. Unmitigated: 100%.","High","High","0%","Not tested","Not tested","High","Daniele Granata","ATLAS - AML.T0018.000 - Poison AI Model||ATLAS - AML.T0011.000 - Unsafe AI Artifacts","Repudiation"
"Jetson Nano","Tampering","Created by Rules Engine","Unauthorized Access to Deployed AI/ML Models","Planned mitigation: 0%. Mitigated: 0%. Unmitigated: 100%.","High","High","0%","Not tested","Not tested","High","Daniele Granata","ATT&CK Enterprise - T1583 - Acquire Infrastructure","Tampering"
"Jetson Nano","Information Disclosure","Created by Rules Engine","Unauthorized network access","Planned mitigation: 0%. Mitigated: 0%. Unmitigated: 100%.","Critical","Critical","0%","Not tested","Not tested","Critical","Daniele Granata","ATT&CK Enterprise - T1135 - Network Share Discovery","Information Disclosure"
"Speed Sensor","Tampering","Created by Rules Engine","Unauthorized physical tampering","Planned mitigation: 0%. Mitigated: 0%. Unmitigated: 100%.","Critical","Critical","0%","Not tested","Not tested","Critical","Daniele Granata","EMB3D - TID-106 - Data Bus Interception","Tampering"
"JetRacer Vehicle","General","Created by Rules Engine","Viruses embedded in communication media are able to infect vehicle systems","Planned mitigation: 0%. Mitigated: 0%. Unmitigated: 100%.","Critical","Critical","0%","Not tested","Not tested","Critical","Daniele Granata",,